scenario,runtype,xml,input
s1,baseline_s1,baseline/XMLinput_baseline_s1.xml,input_under.csv
s2,baseline_s2,baseline/XMLinput_baseline_s2.xml,input_under.csv
s3,baseline_s3,baseline/XMLinput_baseline_s3.xml,input_under.csv
s4,baseline_s4,baseline/XMLinput_baseline_s4.xml,input_under.csv
s5,baseline_s5,baseline/XMLinput_baseline_s5.xml,input_under.csv
s6,baseline_s6,baseline/XMLinput_baseline_s6.xml,input_under.csv
s7,baseline_s7,baseline/XMLinput_baseline_s7.xml,input_under.csv
s8,baseline_s8,baseline/XMLinput_baseline_s8.xml,input_under.csv
s9,baseline_s9,baseline/XMLinput_baseline_s9.xml,input_under.csv
s10,baseline_s10,baseline/XMLinput_baseline_s10.xml,input_under.csv
s11,baseline_s11,baseline/XMLinput_baseline_s11.xml,input_under.csv
s12,baseline_s12,baseline/XMLinput_baseline_s12.xml,input_under.csv
s13,baseline_s13,baseline/XMLinput_baseline_s13.xml,input_under.csv
s14,baseline_s14,baseline/XMLinput_baseline_s14.xml,input_under.csv
s15,baseline_s15,baseline/XMLinput_baseline_s15.xml,input_under.csv
s16,baseline_s16,baseline/XMLinput_baseline_s16.xml,input_under.csv
s17,baseline_s17,baseline/XMLinput_baseline_s17.xml,input_under.csv
s18,baseline_s18,baseline/XMLinput_baseline_s18.xml,input_under.csv
s19,baseline_s19,baseline/XMLinput_baseline_s19.xml,input_under.csv
s20,baseline_s20,baseline/XMLinput_baseline_s20.xml,input_under.csv
s21,baseline_s21,baseline/XMLinput_baseline_s21.xml,input_under.csv
s22,baseline_s22,baseline/XMLinput_baseline_s22.xml,input_under.csv
s23,baseline_s23,baseline/XMLinput_baseline_s23.xml,input_under.csv
s24,baseline_s24,baseline/XMLinput_baseline_s24.xml,input_under.csv
s25,baseline_s25,baseline/XMLinput_baseline_s25.xml,input_under.csv
s26,baseline_s26,baseline/XMLinput_baseline_s26.xml,input_under.csv
s27,baseline_s27,baseline/XMLinput_baseline_s27.xml,input_under.csv
s28,baseline_s28,baseline/XMLinput_baseline_s28.xml,input_under.csv
s29,baseline_s29,baseline/XMLinput_baseline_s29.xml,input_under.csv
s30,baseline_s30,baseline/XMLinput_baseline_s30.xml,input_under.csv
s1,energy_s1,shocks_energy/XMLinput_energy_s1.xml,input_under.csv
s2,energy_s2,shocks_energy/XMLinput_energy_s2.xml,input_under.csv
s3,energy_s3,shocks_energy/XMLinput_energy_s3.xml,input_under.csv
s4,energy_s4,shocks_energy/XMLinput_energy_s4.xml,input_under.csv
s5,energy_s5,shocks_energy/XMLinput_energy_s5.xml,input_under.csv
s6,energy_s6,shocks_energy/XMLinput_energy_s6.xml,input_under.csv
s7,energy_s7,shocks_energy/XMLinput_energy_s7.xml,input_under.csv
s8,energy_s8,shocks_energy/XMLinput_energy_s8.xml,input_under.csv
s9,energy_s9,shocks_energy/XMLinput_energy_s9.xml,input_under.csv
s10,energy_s10,shocks_energy/XMLinput_energy_s10.xml,input_under.csv
s11,energy_s11,shocks_energy/XMLinput_energy_s11.xml,input_under.csv
s12,energy_s12,shocks_energy/XMLinput_energy_s12.xml,input_under.csv
s13,energy_s13,shocks_energy/XMLinput_energy_s13.xml,input_under.csv
s14,energy_s14,shocks_energy/XMLinput_energy_s14.xml,input_under.csv
s15,energy_s15,shocks_energy/XMLinput_energy_s15.xml,input_under.csv
s16,energy_s16,shocks_energy/XMLinput_energy_s16.xml,input_under.csv
s17,energy_s17,shocks_energy/XMLinput_energy_s17.xml,input_under.csv
s18,energy_s18,shocks_energy/XMLinput_energy_s18.xml,input_under.csv
s19,energy_s19,shocks_energy/XMLinput_energy_s19.xml,input_under.csv
s20,energy_s20,shocks_energy/XMLinput_energy_s20.xml,input_under.csv
s21,energy_s21,shocks_energy/XMLinput_energy_s21.xml,input_under.csv
s22,energy_s22,shocks_energy/XMLinput_energy_s22.xml,input_under.csv
s23,energy_s23,shocks_energy/XMLinput_energy_s23.xml,input_under.csv
s24,energy_s24,shocks_energy/XMLinput_energy_s24.xml,input_under.csv
s25,energy_s25,shocks_energy/XMLinput_energy_s25.xml,input_under.csv
s26,energy_s26,shocks_energy/XMLinput_energy_s26.xml,input_under.csv
s27,energy_s27,shocks_energy/XMLinput_energy_s27.xml,input_under.csv
s28,energy_s28,shocks_energy/XMLinput_energy_s28.xml,input_under.csv
s29,energy_s29,shocks_energy/XMLinput_energy_s29.xml,input_under.csv
s30,energy_s30,shocks_energy/XMLinput_energy_s30.xml,input_under.csv
s1,export_s1,shocks_export/XMLinput_export_s1.xml,input_under.csv
s2,export_s2,shocks_export/XMLinput_export_s2.xml,input_under.csv
s3,export_s3,shocks_export/XMLinput_export_s3.xml,input_under.csv
s4,export_s4,shocks_export/XMLinput_export_s4.xml,input_under.csv
s5,export_s5,shocks_export/XMLinput_export_s5.xml,input_under.csv
s6,export_s6,shocks_export/XMLinput_export_s6.xml,input_under.csv
s7,export_s7,shocks_export/XMLinput_export_s7.xml,input_under.csv
s8,export_s8,shocks_export/XMLinput_export_s8.xml,input_under.csv
s9,export_s9,shocks_export/XMLinput_export_s9.xml,input_under.csv
s10,export_s10,shocks_export/XMLinput_export_s10.xml,input_under.csv
s11,export_s11,shocks_export/XMLinput_export_s11.xml,input_under.csv
s12,export_s12,shocks_export/XMLinput_export_s12.xml,input_under.csv
s13,export_s13,shocks_export/XMLinput_export_s13.xml,input_under.csv
s14,export_s14,shocks_export/XMLinput_export_s14.xml,input_under.csv
s15,export_s15,shocks_export/XMLinput_export_s15.xml,input_under.csv
s16,export_s16,shocks_export/XMLinput_export_s16.xml,input_under.csv
s17,export_s17,shocks_export/XMLinput_export_s17.xml,input_under.csv
s18,export_s18,shocks_export/XMLinput_export_s18.xml,input_under.csv
s19,export_s19,shocks_export/XMLinput_export_s19.xml,input_under.csv
s20,export_s20,shocks_export/XMLinput_export_s20.xml,input_under.csv
s21,export_s21,shocks_export/XMLinput_export_s21.xml,input_under.csv
s22,export_s22,shocks_export/XMLinput_export_s22.xml,input_under.csv
s23,export_s23,shocks_export/XMLinput_export_s23.xml,input_under.csv
s24,export_s24,shocks_export/XMLinput_export_s24.xml,input_under.csv
s25,export_s25,shocks_export/XMLinput_export_s25.xml,input_under.csv
s26,export_s26,shocks_export/XMLinput_export_s26.xml,input_under.csv
s27,export_s27,shocks_export/XMLinput_export_s27.xml,input_under.csv
s28,export_s28,shocks_export/XMLinput_export_s28.xml,input_under.csv
s29,export_s29,shocks_export/XMLinput_export_s29.xml,input_under.csv
s30,export_s30,shocks_export/XMLinput_export_s30.xml,input_under.csv
s1,energy_export_s1,shocks_energy_export/XMLinput_energy_export_s1.xml,input_under.csv
s2,energy_export_s2,shocks_energy_export/XMLinput_energy_export_s2.xml,input_under.csv
s3,energy_export_s3,shocks_energy_export/XMLinput_energy_export_s3.xml,input_under.csv
s4,energy_export_s4,shocks_energy_export/XMLinput_energy_export_s4.xml,input_under.csv
s5,energy_export_s5,shocks_energy_export/XMLinput_energy_export_s5.xml,input_under.csv
s6,energy_export_s6,shocks_energy_export/XMLinput_energy_export_s6.xml,input_under.csv
s7,energy_export_s7,shocks_energy_export/XMLinput_energy_export_s7.xml,input_under.csv
s8,energy_export_s8,shocks_energy_export/XMLinput_energy_export_s8.xml,input_under.csv
s9,energy_export_s9,shocks_energy_export/XMLinput_energy_export_s9.xml,input_under.csv
s10,energy_export_s10,shocks_energy_export/XMLinput_energy_export_s10.xml,input_under.csv
s11,energy_export_s11,shocks_energy_export/XMLinput_energy_export_s11.xml,input_under.csv
s12,energy_export_s12,shocks_energy_export/XMLinput_energy_export_s12.xml,input_under.csv
s13,energy_export_s13,shocks_energy_export/XMLinput_energy_export_s13.xml,input_under.csv
s14,energy_export_s14,shocks_energy_export/XMLinput_energy_export_s14.xml,input_under.csv
s15,energy_export_s15,shocks_energy_export/XMLinput_energy_export_s15.xml,input_under.csv
s16,energy_export_s16,shocks_energy_export/XMLinput_energy_export_s16.xml,input_under.csv
s17,energy_export_s17,shocks_energy_export/XMLinput_energy_export_s17.xml,input_under.csv
s18,energy_export_s18,shocks_energy_export/XMLinput_energy_export_s18.xml,input_under.csv
s19,energy_export_s19,shocks_energy_export/XMLinput_energy_export_s19.xml,input_under.csv
s20,energy_export_s20,shocks_energy_export/XMLinput_energy_export_s20.xml,input_under.csv
s21,energy_export_s21,shocks_energy_export/XMLinput_energy_export_s21.xml,input_under.csv
s22,energy_export_s22,shocks_energy_export/XMLinput_energy_export_s22.xml,input_under.csv
s23,energy_export_s23,shocks_energy_export/XMLinput_energy_export_s23.xml,input_under.csv
s24,energy_export_s24,shocks_energy_export/XMLinput_energy_export_s24.xml,input_under.csv
s25,energy_export_s25,shocks_energy_export/XMLinput_energy_export_s25.xml,input_under.csv
s26,energy_export_s26,shocks_energy_export/XMLinput_energy_export_s26.xml,input_under.csv
s27,energy_export_s27,shocks_energy_export/XMLinput_energy_export_s27.xml,input_under.csv
s28,energy_export_s28,shocks_energy_export/XMLinput_energy_export_s28.xml,input_under.csv
s29,energy_export_s29,shocks_energy_export/XMLinput_energy_export_s29.xml,input_under.csv
s30,energy_export_s30,shocks_energy_export/XMLinput_energy_export_s30.xml,input_under.csv